{"stat.chestOpened":17,"stat.drop.ftbquests.book":1,"stat.pickup.tconstruct.tooltables":7,"stat.pickup.storagedrawers.basicdrawers":1,"stat.craftItem.storagedrawers.basicdrawers":1,"stat.mineBlock.storagedrawers.basicdrawers":1,"stat.craftItem.ceramics.unfired_clay":3,"stat.leaveGame":2,"stat.pickup.minecraft.gravel":125,"stat.mineBlock.minecraft.cobblestone":81,"stat.pickup.minecraft.flint":6,"stat.pickup.stoneblockutilities.stoneworkbench":1,"stat.drop.minecraft.apple":4,"stat.craftItem.exnihilocreatio.block_crucible":2,"stat.jump":183,"stat.useItem.minecraft.sand":49,"stat.fallOneCm":2094,"stat.drop.exnihilocreatio.item_pebble":1,"stat.crouchOneCm":1758,"stat.craftItem.minecraft.chest":3,"stat.pickup.minecraft.dirt":77,"stat.useItem.minecraft.dirt":64,"stat.useItem.minecraft.stone_slab2":70,"stat.craftItem.stoneblockutilities.crook_stone":1,"stat.pickup.exnihilocreatio.block_dust":82,"stat.pickup.minecraft.sand":54,"stat.craftItem.minecraft.furnace":1,"stat.useItem.minecraft.sapling":11,"stat.mineBlock.tconstruct.tooltables":7,"stat.pickup.minecraft.leaves":43,"stat.craftItem.tconstruct.pattern":20,"stat.drop.petrock.petrockspawn":1,"stat.mineBlock.minecraft.torch":9,"stat.pickup.exnihilocreatio.item_pebble":74,"stat.pickup.minecraft.cobblestone":208,"stat.mineBlock.minecraft.sapling":3,"stat.pickup.minecraft.dye":10,"stat.pickup.exnihilocreatio.item_ore_gold":1,"stat.useItem.exnihilocreatio.hammer_stone":384,"stat.mineBlock.exnihilocreatio.block_infested_leaves":49,"stat.pickup.exnihilocreatio.item_ore_silver":2,"stat.flyOneCm":24054,"stat.pickup.minecraft.wheat_seeds":1,"stat.mineBlock.minecraft.sand":53,"stat.mineBlock.minecraft.gravel":125,"stat.craftItem.minecraft.wooden_slab":12,"stat.timeSinceDeath":176757,"stat.mineBlock.minecraft.dirt":54,"stat.useItem.stoneblockutilities.crook_stone":105,"stat.pickup.exnihilocreatio.item_mesh":1,"stat.walkOneCm":124793,"stat.pickup.tconstruct.pattern":1,"stat.useItem.minecraft.chest":1,"stat.craftItem.exnihilocreatio.item_material":10,"stat.mineBlock.stoneblockutilities.stoneworkbench":1,"stat.pickup.minecraft.clay_ball":1,"stat.useItem.minecraft.cobblestone":80,"stat.craftItem.minecraft.crafting_table":2,"stat.furnaceInteraction":7,"stat.useItem.minecraft.gravel":101,"stat.craftItem.storagedrawers.upgrade_template":4,"stat.craftItem.ceramics.clay_bucket":3,"stat.drop.petrock.stoneium":10,"stat.pickup.minecraft.log":54,"stat.pickup.minecraft.string":77,"stat.craftItem.tp.wooden_shears":2,"stat.craftItem.exnihilocreatio.block_sieve":2,"stat.craftItem.exnihilocreatio.hammer_stone":3,"stat.useItem.tconstruct.pickaxe":20,"stat.craftItem.minecraft.stone_slab2":6,"stat.pickup.exnihilocreatio.item_ore_aluminium":1,"stat.pickup.petrock.petrockspawn":1,"stat.craftItem.tconstruct.stone_stick":4,"stat.pickup.minecraft.sapling":51,"stat.craftItem.tconstruct.tooltables":7,"stat.sprintOneCm":3115,"stat.pickup.minecraft.apple":7,"stat.craftItem.minecraft.stick":24,"stat.pickup.exnihilocreatio.item_material":1,"stat.craftItem.minecraft.planks":132,"stat.craftItem.stoneblockutilities.stoneworkbench":1,"stat.pickup.exnihilocreatio.item_ore_nickel":4,"stat.drop.exnihilocreatio.block_dust":30,"stat.craftItem.minecraft.clay_ball":20,"stat.mineBlock.minecraft.log":55,"stat.drop":37,"stat.mineBlock.minecraft.leaves":95,"stat.playOneMinute":176757,"stat.pickup.minecraft.torch":9,"stat.craftItem.excompressum.wooden_crucible":3,"stat.sneakTime":1710,"stat.pickup.petrock.stoneium":10,"stat.craftItem.exnihilocreatio.item_mesh":2,"stat.mineBlock.minecraft.stone":146,"stat.useItem.tconstruct.hatchet":66,"stat.pickup.ftbquests.book":1}