{"stat.drop.ftbquests.book":1,"stat.pickup.tconstruct.tooltables":5,"stat.walkOneCm":62350,"stat.pickup.tconstruct.pattern":1,"stat.craftItem.storagedrawers.basicdrawers":1,"stat.leaveGame":2,"stat.pickup.minecraft.gravel":22,"stat.mineBlock.stoneblockutilities.stoneworkbench":1,"stat.mineBlock.minecraft.cobblestone":23,"stat.useItem.minecraft.cobblestone":23,"stat.craftItem.minecraft.crafting_table":2,"stat.useItem.minecraft.gravel":17,"stat.drop.petrock.stoneium":10,"stat.pickup.stoneblockutilities.stoneworkbench":1,"stat.pickup.minecraft.log":32,"stat.pickup.minecraft.string":77,"stat.drop.minecraft.apple":4,"stat.craftItem.tp.wooden_shears":2,"stat.jump":81,"stat.useItem.minecraft.sand":1,"stat.craftItem.exnihilocreatio.block_sieve":2,"stat.fallOneCm":631,"stat.drop.exnihilocreatio.item_pebble":1,"stat.craftItem.exnihilocreatio.hammer_stone":2,"stat.craftItem.minecraft.stone_slab2":4,"stat.pickup.exnihilocreatio.item_ore_aluminium":1,"stat.pickup.petrock.petrockspawn":1,"stat.crouchOneCm":1084,"stat.craftItem.tconstruct.stone_stick":4,"stat.craftItem.minecraft.chest":1,"stat.pickup.minecraft.sapling":38,"stat.craftItem.tconstruct.tooltables":7,"stat.pickup.minecraft.dirt":26,"stat.useItem.minecraft.dirt":15,"stat.sprintOneCm":272,"stat.useItem.minecraft.stone_slab2":36,"stat.pickup.minecraft.apple":7,"stat.craftItem.stoneblockutilities.crook_stone":1,"stat.craftItem.minecraft.stick":16,"stat.pickup.exnihilocreatio.block_dust":2,"stat.pickup.minecraft.sand":3,"stat.useItem.minecraft.sapling":6,"stat.pickup.exnihilocreatio.item_material":1,"stat.craftItem.minecraft.planks":80,"stat.mineBlock.tconstruct.tooltables":5,"stat.craftItem.tconstruct.pattern":20,"stat.drop.petrock.petrockspawn":1,"stat.craftItem.stoneblockutilities.stoneworkbench":1,"stat.mineBlock.minecraft.torch":8,"stat.pickup.exnihilocreatio.item_pebble":73,"stat.pickup.minecraft.cobblestone":156,"stat.mineBlock.minecraft.sapling":3,"stat.craftItem.minecraft.clay_ball":4,"stat.mineBlock.minecraft.log":33,"stat.useItem.exnihilocreatio.hammer_stone":150,"stat.mineBlock.exnihilocreatio.block_infested_leaves":49,"stat.flyOneCm":23614,"stat.drop":17,"stat.pickup.minecraft.wheat_seeds":1,"stat.mineBlock.minecraft.leaves":44,"stat.mineBlock.minecraft.sand":2,"stat.playOneMinute":38324,"stat.pickup.minecraft.torch":8,"stat.mineBlock.minecraft.gravel":22,"stat.craftItem.excompressum.wooden_crucible":2,"stat.craftItem.minecraft.wooden_slab":12,"stat.sneakTime":1293,"stat.timeSinceDeath":38324,"stat.pickup.petrock.stoneium":10,"stat.mineBlock.minecraft.dirt":4,"stat.craftItem.exnihilocreatio.item_mesh":1,"stat.mineBlock.minecraft.stone":101,"stat.useItem.tconstruct.hatchet":33,"stat.pickup.ftbquests.book":1,"stat.useItem.stoneblockutilities.crook_stone":104}