{"stat.drop.ftbquests.book":1,"stat.craftItem.storagedrawers.basicdrawers":1,"stat.mineBlock.storagedrawers.basicdrawers":1,"stat.craftItem.ceramics.unfired_clay":4,"stat.leaveGame":3,"stat.mineBlock.minecraft.cobblestone":101,"stat.pickup.minecraft.flint":64,"stat.craftItem.excompressum.compressed_hammer_stone":1,"stat.pickup.exnihilocreatio.item_ore_lead":31,"stat.craftItem.extrautils2.compressedcobblestone":55,"stat.mineBlock.extrautils2.compressedcobblestone":56,"stat.drop.exnihilocreatio.item_pebble":1,"stat.pickup.enderstorage.ender_storage":2,"stat.useItem.minecraft.dirt":69,"stat.useItem.minecraft.stone_slab2":102,"stat.pickup.exnihilocreatio.block_dust":109,"stat.pickup.minecraft.sand":239,"stat.craftItem.minecraft.furnace":1,"stat.drop.petrock.petrockspawn":1,"stat.pickup.tp.cobblegen_block":2,"stat.craftItem.actuallyadditions.block_misc":2,"stat.craftItem.minecraft.trapdoor":4,"stat.pickup.exnihilocreatio.item_pebble":74,"stat.pickup.minecraft.cobblestone":320,"stat.useItem.exnihilocreatio.block_sieve":6,"stat.useItem.exnihilocreatio.hammer_stone":418,"stat.mineBlock.exnihilocreatio.block_infested_leaves":104,"stat.pickup.exnihilocreatio.item_seed_cactus":6,"stat.flyOneCm":24381,"stat.pickup.actuallyadditions.item_booklet":1,"stat.mineBlock.minecraft.sand":53,"stat.useItem.extrautils2.compressedgravel":17,"stat.craftItem.minecraft.wooden_slab":18,"stat.craftItem.extrautils2.compresseddirt":20,"stat.pickup.exnihilocreatio.item_ore_copper":50,"stat.craftItem.yabba.upgrade_blank":16,"stat.timeSinceDeath":308743,"stat.pickup.projectred-core.resource_item":3,"stat.furnaceInteraction":23,"stat.craftItem.yabba.item_barrel":1,"stat.craftItem.storagedrawers.upgrade_template":4,"stat.drop.petrock.stoneium":10,"stat.craftItem.thermalfoundation.material":7,"stat.pickup.minecraft.string":155,"stat.craftItem.exnihilocreatio.hammer_stone":13,"stat.craftItem.mysticalagriculture.crafting":1,"stat.craftItem.minecraft.stone_slab2":6,"stat.pickup.exnihilocreatio.item_ore_aluminium":46,"stat.craftItem.tconstruct.stone_stick":4,"stat.pickup.exnihilocreatio.item_ore_iron":177,"stat.craftItem.tconstruct.tooltables":8,"stat.pickup.harvestcraft.fruitbaititem":1,"stat.drop.yabba.upgrade_diamond_tier":1,"stat.sprintOneCm":24454,"stat.pickup.exnihilocreatio.item_ore_osmium":15,"stat.craftItem.minecraft.stick":84,"stat.pickup.exnihilocreatio.item_material":4,"stat.craftItem.minecraft.stone":23,"stat.mineBlock.minecraft.crafting_table":1,"stat.pickup.exnihilocreatio.item_ore_nickel":12,"stat.mineBlock.harvestcraft.groundtrap":1,"stat.useItem.excompressum.compressed_hammer_stone":99,"stat.drop.exnihilocreatio.block_dust":30,"stat.craftItem.minecraft.clay_ball":24,"stat.craftItem.harvestcraft.groundtrap":1,"stat.useItem.extrautils2.compressedsand":2,"stat.drop":38,"stat.playOneMinute":308743,"stat.craftItem.actuallyadditions.item_misc":168,"stat.pickup.harvestcraft.groundtrap":1,"stat.craftItem.excompressum.wooden_crucible":3,"stat.mineBlock.extrautils2.compressedsand":3,"stat.craftItem.harvestcraft.fruitbaititem":4,"stat.pickup.petrock.stoneium":10,"stat.chestOpened":59,"stat.pickup.tconstruct.tooltables":7,"stat.pickup.storagedrawers.basicdrawers":1,"stat.craftItem.tp.cobblegen_block":4,"stat.pickup.minecraft.gravel":629,"stat.useItem.extrautils2.compressedcobblestone":46,"stat.pickup.yabba.upgrade_diamond_tier":1,"stat.pickup.extrautils2.compressedcobblestone":1,"stat.useItem.tp.cobblegen_block":1,"stat.pickup.stoneblockutilities.stoneworkbench":1,"stat.pickup.exnihilocreatio.item_ore_tin":40,"stat.craftItem.minecraft.coal":13,"stat.drop.minecraft.apple":4,"stat.craftItem.exnihilocreatio.block_crucible":2,"stat.jump":226,"stat.useItem.minecraft.sand":49,"stat.pickup.minecraft.coal":42,"stat.fallOneCm":2721,"stat.crouchOneCm":2475,"stat.craftItem.minecraft.chest":17,"stat.craftItem.minecraft.iron_ingot":33,"stat.pickup.minecraft.dirt":263,"stat.craftItem.stoneblockutilities.crook_stone":1,"stat.craftingTableInteraction":2,"stat.useItem.minecraft.sapling":16,"stat.mineBlock.tconstruct.tooltables":7,"stat.pickup.minecraft.leaves":43,"stat.craftItem.tconstruct.pattern":20,"stat.mineBlock.minecraft.torch":9,"stat.pickup.immersiveengineering.metal":7,"stat.pickup.excompressum.wood_chippings":4,"stat.mineBlock.minecraft.sapling":3,"stat.pickup.minecraft.dye":13,"stat.pickup.exnihilocreatio.item_ore_gold":19,"stat.pickup.mysticalagriculture.crafting":5,"stat.pickup.exnihilocreatio.item_ore_silver":20,"stat.pickup.minecraft.wheat_seeds":1,"stat.mineBlock.minecraft.gravel":131,"stat.craftItem.extrautils2.compressedsand":3,"stat.craftItem.minecraft.glass":5,"stat.mineBlock.minecraft.dirt":60,"stat.useItem.stoneblockutilities.crook_stone":192,"stat.pickup.exnihilocreatio.item_mesh":15,"stat.craftItem.minecraft.stone_slab":24,"stat.walkOneCm":191320,"stat.pickup.tconstruct.pattern":1,"stat.useItem.minecraft.chest":1,"stat.mineBlock.extrautils2.compresseddirt":20,"stat.craftItem.exnihilocreatio.item_material":10,"stat.mineBlock.stoneblockutilities.stoneworkbench":1,"stat.pickup.minecraft.crafting_table":1,"stat.useItem.minecraft.log":2,"stat.pickup.minecraft.clay_ball":1,"stat.useItem.minecraft.cobblestone":100,"stat.craftItem.minecraft.crafting_table":3,"stat.craftItem.extrautils2.compressedgravel":20,"stat.useItem.minecraft.gravel":106,"stat.craftItem.ceramics.clay_bucket":4,"stat.pickup.minecraft.log":75,"stat.craftItem.tp.wooden_shears":2,"stat.craftItem.exnihilocreatio.block_sieve":12,"stat.useItem.tconstruct.pickaxe":66,"stat.pickup.petrock.petrockspawn":1,"stat.pickup.minecraft.sapling":68,"stat.pickup.minecraft.apple":8,"stat.craftItem.minecraft.planks":268,"stat.craftItem.exnihilocreatio.item_ore_tin":2,"stat.craftItem.ironchest.wood_iron_chest_upgrade":1,"stat.craftItem.stoneblockutilities.stoneworkbench":1,"stat.craftItem.exnihilocreatio.block_barrel1":1,"stat.mineBlock.minecraft.log":78,"stat.mineBlock.minecraft.leaves":135,"stat.craftItem.minecraft.paper":12,"stat.pickup.minecraft.torch":9,"stat.sneakTime":2545,"stat.pickup.exnihilocreatio.block_sieve":1,"stat.craftItem.exnihilocreatio.item_ore_silver":2,"stat.mineBlock.extrautils2.compressedgravel":20,"stat.mineBlock.tp.cobblegen_block":2,"stat.craftItem.exnihilocreatio.item_mesh":23,"stat.mineBlock.minecraft.stone":189,"stat.mineBlock.exnihilocreatio.block_sieve":1,"stat.useItem.tconstruct.hatchet":91,"stat.useItem.extrautils2.compresseddirt":17,"stat.craftItem.actuallyadditions.block_giant_chest":2,"stat.pickup.ftbquests.book":1}